<application>
  <component name="FeatureSuggesterSettings">
    <option name="workingDays">
      <list>
        <option value="1655177573408" />
        <option value="1655264928152" />
        <option value="1655348400141" />
        <option value="1655441174168" />
        <option value="1655655048483" />
        <option value="1655725244231" />
        <option value="1655854579624" />
        <option value="1655868403718" />
        <option value="1655953349476" />
        <option value="1656069655649" />
        <option value="1656175234271" />
        <option value="1656373421692" />
        <option value="1656386423034" />
        <option value="1656476632645" />
        <option value="1656813448287" />
        <option value="1657079024894" />
        <option value="1657164492287" />
        <option value="1657337714205" />
        <option value="1657475862421" />
        <option value="1657550715132" />
        <option value="1657600730398" />
        <option value="1657682063040" />
        <option value="1658088710023" />
        <option value="1658318052113" />
        <option value="1658376323747" />
        <option value="1658709412580" />
        <option value="1658718494984" />
        <option value="1659483604690" />
        <option value="1660874815562" />
        <option value="1660878121875" />
      </list>
    </option>
  </component>
</application>