<application>
  <component name="ProjectJdkTable">
    <jdk version="2">
      <name value="17" />
      <type value="JavaSDK" />
      <version value="Eclipse Temurin version 17.0.2" />
      <homePath value="$USER_HOME$/.sdkman/candidates/java/17.0.2-tem" />
      <roots>
        <annotationsPath>
          <root type="composite">
            <root url="jar://$APPLICATION_HOME_DIR$/plugins/java/lib/jdkAnnotations.jar!/" type="simple" />
            <root url="jar://$APPLICATION_HOME_DIR$/plugins/java/lib/resources/jdkAnnotations.jar!/" type="simple" />
          </root>
        </annotationsPath>
        <classPath>
          <root type="composite">
            <root url="jrt:///Users/estevaowatanabe/.sdkman/candidates/java/17.0.2-tem!/java.base" type="simple" />
            <root url="jrt:///Users/estevaowatanabe/.sdkman/candidates/java/17.0.2-tem!/java.compiler" type="simple" />
            <root url="jrt:///Users/estevaowatanabe/.sdkman/candidates/java/17.0.2-tem!/java.datatransfer" type="simple" />
            <root url="jrt:///Users/estevaowatanabe/.sdkman/candidates/java/17.0.2-tem!/java.desktop" type="simple" />
            <root url="jrt:///Users/estevaowatanabe/.sdkman/candidates/java/17.0.2-tem!/java.instrument" type="simple" />
            <root url="jrt:///Users/estevaowatanabe/.sdkman/candidates/java/17.0.2-tem!/java.logging" type="simple" />
            <root url="jrt:///Users/estevaowatanabe/.sdkman/candidates/java/17.0.2-tem!/java.management" type="simple" />
            <root url="jrt:///Users/estevaowatanabe/.sdkman/candidates/java/17.0.2-tem!/java.management.rmi" type="simple" />
            <root url="jrt:///Users/estevaowatanabe/.sdkman/candidates/java/17.0.2-tem!/java.naming" type="simple" />
            <root url="jrt:///Users/estevaowatanabe/.sdkman/candidates/java/17.0.2-tem!/java.net.http" type="simple" />
            <root url="jrt:///Users/estevaowatanabe/.sdkman/candidates/java/17.0.2-tem!/java.prefs" type="simple" />
            <root url="jrt:///Users/estevaowatanabe/.sdkman/candidates/java/17.0.2-tem!/java.rmi" type="simple" />
            <root url="jrt:///Users/estevaowatanabe/.sdkman/candidates/java/17.0.2-tem!/java.scripting" type="simple" />
            <root url="jrt:///Users/estevaowatanabe/.sdkman/candidates/java/17.0.2-tem!/java.se" type="simple" />
            <root url="jrt:///Users/estevaowatanabe/.sdkman/candidates/java/17.0.2-tem!/java.security.jgss" type="simple" />
            <root url="jrt:///Users/estevaowatanabe/.sdkman/candidates/java/17.0.2-tem!/java.security.sasl" type="simple" />
            <root url="jrt:///Users/estevaowatanabe/.sdkman/candidates/java/17.0.2-tem!/java.smartcardio" type="simple" />
            <root url="jrt:///Users/estevaowatanabe/.sdkman/candidates/java/17.0.2-tem!/java.sql" type="simple" />
            <root url="jrt:///Users/estevaowatanabe/.sdkman/candidates/java/17.0.2-tem!/java.sql.rowset" type="simple" />
            <root url="jrt:///Users/estevaowatanabe/.sdkman/candidates/java/17.0.2-tem!/java.transaction.xa" type="simple" />
            <root url="jrt:///Users/estevaowatanabe/.sdkman/candidates/java/17.0.2-tem!/java.xml" type="simple" />
            <root url="jrt:///Users/estevaowatanabe/.sdkman/candidates/java/17.0.2-tem!/java.xml.crypto" type="simple" />
            <root url="jrt:///Users/estevaowatanabe/.sdkman/candidates/java/17.0.2-tem!/jdk.accessibility" type="simple" />
            <root url="jrt:///Users/estevaowatanabe/.sdkman/candidates/java/17.0.2-tem!/jdk.attach" type="simple" />
            <root url="jrt:///Users/estevaowatanabe/.sdkman/candidates/java/17.0.2-tem!/jdk.charsets" type="simple" />
            <root url="jrt:///Users/estevaowatanabe/.sdkman/candidates/java/17.0.2-tem!/jdk.compiler" type="simple" />
            <root url="jrt:///Users/estevaowatanabe/.sdkman/candidates/java/17.0.2-tem!/jdk.crypto.cryptoki" type="simple" />
            <root url="jrt:///Users/estevaowatanabe/.sdkman/candidates/java/17.0.2-tem!/jdk.crypto.ec" type="simple" />
            <root url="jrt:///Users/estevaowatanabe/.sdkman/candidates/java/17.0.2-tem!/jdk.dynalink" type="simple" />
            <root url="jrt:///Users/estevaowatanabe/.sdkman/candidates/java/17.0.2-tem!/jdk.editpad" type="simple" />
            <root url="jrt:///Users/estevaowatanabe/.sdkman/candidates/java/17.0.2-tem!/jdk.hotspot.agent" type="simple" />
            <root url="jrt:///Users/estevaowatanabe/.sdkman/candidates/java/17.0.2-tem!/jdk.httpserver" type="simple" />
            <root url="jrt:///Users/estevaowatanabe/.sdkman/candidates/java/17.0.2-tem!/jdk.incubator.foreign" type="simple" />
            <root url="jrt:///Users/estevaowatanabe/.sdkman/candidates/java/17.0.2-tem!/jdk.incubator.vector" type="simple" />
            <root url="jrt:///Users/estevaowatanabe/.sdkman/candidates/java/17.0.2-tem!/jdk.internal.ed" type="simple" />
            <root url="jrt:///Users/estevaowatanabe/.sdkman/candidates/java/17.0.2-tem!/jdk.internal.jvmstat" type="simple" />
            <root url="jrt:///Users/estevaowatanabe/.sdkman/candidates/java/17.0.2-tem!/jdk.internal.le" type="simple" />
            <root url="jrt:///Users/estevaowatanabe/.sdkman/candidates/java/17.0.2-tem!/jdk.internal.opt" type="simple" />
            <root url="jrt:///Users/estevaowatanabe/.sdkman/candidates/java/17.0.2-tem!/jdk.internal.vm.ci" type="simple" />
            <root url="jrt:///Users/estevaowatanabe/.sdkman/candidates/java/17.0.2-tem!/jdk.internal.vm.compiler" type="simple" />
            <root url="jrt:///Users/estevaowatanabe/.sdkman/candidates/java/17.0.2-tem!/jdk.internal.vm.compiler.management" type="simple" />
            <root url="jrt:///Users/estevaowatanabe/.sdkman/candidates/java/17.0.2-tem!/jdk.jartool" type="simple" />
            <root url="jrt:///Users/estevaowatanabe/.sdkman/candidates/java/17.0.2-tem!/jdk.javadoc" type="simple" />
            <root url="jrt:///Users/estevaowatanabe/.sdkman/candidates/java/17.0.2-tem!/jdk.jcmd" type="simple" />
            <root url="jrt:///Users/estevaowatanabe/.sdkman/candidates/java/17.0.2-tem!/jdk.jconsole" type="simple" />
            <root url="jrt:///Users/estevaowatanabe/.sdkman/candidates/java/17.0.2-tem!/jdk.jdeps" type="simple" />
            <root url="jrt:///Users/estevaowatanabe/.sdkman/candidates/java/17.0.2-tem!/jdk.jdi" type="simple" />
            <root url="jrt:///Users/estevaowatanabe/.sdkman/candidates/java/17.0.2-tem!/jdk.jdwp.agent" type="simple" />
            <root url="jrt:///Users/estevaowatanabe/.sdkman/candidates/java/17.0.2-tem!/jdk.jfr" type="simple" />
            <root url="jrt:///Users/estevaowatanabe/.sdkman/candidates/java/17.0.2-tem!/jdk.jlink" type="simple" />
            <root url="jrt:///Users/estevaowatanabe/.sdkman/candidates/java/17.0.2-tem!/jdk.jpackage" type="simple" />
            <root url="jrt:///Users/estevaowatanabe/.sdkman/candidates/java/17.0.2-tem!/jdk.jshell" type="simple" />
            <root url="jrt:///Users/estevaowatanabe/.sdkman/candidates/java/17.0.2-tem!/jdk.jsobject" type="simple" />
            <root url="jrt:///Users/estevaowatanabe/.sdkman/candidates/java/17.0.2-tem!/jdk.jstatd" type="simple" />
            <root url="jrt:///Users/estevaowatanabe/.sdkman/candidates/java/17.0.2-tem!/jdk.localedata" type="simple" />
            <root url="jrt:///Users/estevaowatanabe/.sdkman/candidates/java/17.0.2-tem!/jdk.management" type="simple" />
            <root url="jrt:///Users/estevaowatanabe/.sdkman/candidates/java/17.0.2-tem!/jdk.management.agent" type="simple" />
            <root url="jrt:///Users/estevaowatanabe/.sdkman/candidates/java/17.0.2-tem!/jdk.management.jfr" type="simple" />
            <root url="jrt:///Users/estevaowatanabe/.sdkman/candidates/java/17.0.2-tem!/jdk.naming.dns" type="simple" />
            <root url="jrt:///Users/estevaowatanabe/.sdkman/candidates/java/17.0.2-tem!/jdk.naming.rmi" type="simple" />
            <root url="jrt:///Users/estevaowatanabe/.sdkman/candidates/java/17.0.2-tem!/jdk.net" type="simple" />
            <root url="jrt:///Users/estevaowatanabe/.sdkman/candidates/java/17.0.2-tem!/jdk.nio.mapmode" type="simple" />
            <root url="jrt:///Users/estevaowatanabe/.sdkman/candidates/java/17.0.2-tem!/jdk.random" type="simple" />
            <root url="jrt:///Users/estevaowatanabe/.sdkman/candidates/java/17.0.2-tem!/jdk.sctp" type="simple" />
            <root url="jrt:///Users/estevaowatanabe/.sdkman/candidates/java/17.0.2-tem!/jdk.security.auth" type="simple" />
            <root url="jrt:///Users/estevaowatanabe/.sdkman/candidates/java/17.0.2-tem!/jdk.security.jgss" type="simple" />
            <root url="jrt:///Users/estevaowatanabe/.sdkman/candidates/java/17.0.2-tem!/jdk.unsupported" type="simple" />
            <root url="jrt:///Users/estevaowatanabe/.sdkman/candidates/java/17.0.2-tem!/jdk.unsupported.desktop" type="simple" />
            <root url="jrt:///Users/estevaowatanabe/.sdkman/candidates/java/17.0.2-tem!/jdk.xml.dom" type="simple" />
            <root url="jrt:///Users/estevaowatanabe/.sdkman/candidates/java/17.0.2-tem!/jdk.zipfs" type="simple" />
            <root url="jrt:///Users/estevaowatanabe/.sdkman/candidates/java/17.0.0-tem!/java.base" type="simple" />
            <root url="jrt:///Users/estevaowatanabe/.sdkman/candidates/java/17.0.0-tem!/java.compiler" type="simple" />
            <root url="jrt:///Users/estevaowatanabe/.sdkman/candidates/java/17.0.0-tem!/java.datatransfer" type="simple" />
            <root url="jrt:///Users/estevaowatanabe/.sdkman/candidates/java/17.0.0-tem!/java.desktop" type="simple" />
            <root url="jrt:///Users/estevaowatanabe/.sdkman/candidates/java/17.0.0-tem!/java.instrument" type="simple" />
            <root url="jrt:///Users/estevaowatanabe/.sdkman/candidates/java/17.0.0-tem!/java.logging" type="simple" />
            <root url="jrt:///Users/estevaowatanabe/.sdkman/candidates/java/17.0.0-tem!/java.management" type="simple" />
            <root url="jrt:///Users/estevaowatanabe/.sdkman/candidates/java/17.0.0-tem!/java.management.rmi" type="simple" />
            <root url="jrt:///Users/estevaowatanabe/.sdkman/candidates/java/17.0.0-tem!/java.naming" type="simple" />
            <root url="jrt:///Users/estevaowatanabe/.sdkman/candidates/java/17.0.0-tem!/java.net.http" type="simple" />
            <root url="jrt:///Users/estevaowatanabe/.sdkman/candidates/java/17.0.0-tem!/java.prefs" type="simple" />
            <root url="jrt:///Users/estevaowatanabe/.sdkman/candidates/java/17.0.0-tem!/java.rmi" type="simple" />
            <root url="jrt:///Users/estevaowatanabe/.sdkman/candidates/java/17.0.0-tem!/java.scripting" type="simple" />
            <root url="jrt:///Users/estevaowatanabe/.sdkman/candidates/java/17.0.0-tem!/java.se" type="simple" />
            <root url="jrt:///Users/estevaowatanabe/.sdkman/candidates/java/17.0.0-tem!/java.security.jgss" type="simple" />
            <root url="jrt:///Users/estevaowatanabe/.sdkman/candidates/java/17.0.0-tem!/java.security.sasl" type="simple" />
            <root url="jrt:///Users/estevaowatanabe/.sdkman/candidates/java/17.0.0-tem!/java.smartcardio" type="simple" />
            <root url="jrt:///Users/estevaowatanabe/.sdkman/candidates/java/17.0.0-tem!/java.sql" type="simple" />
            <root url="jrt:///Users/estevaowatanabe/.sdkman/candidates/java/17.0.0-tem!/java.sql.rowset" type="simple" />
            <root url="jrt:///Users/estevaowatanabe/.sdkman/candidates/java/17.0.0-tem!/java.transaction.xa" type="simple" />
            <root url="jrt:///Users/estevaowatanabe/.sdkman/candidates/java/17.0.0-tem!/java.xml" type="simple" />
            <root url="jrt:///Users/estevaowatanabe/.sdkman/candidates/java/17.0.0-tem!/java.xml.crypto" type="simple" />
            <root url="jrt:///Users/estevaowatanabe/.sdkman/candidates/java/17.0.0-tem!/jdk.accessibility" type="simple" />
            <root url="jrt:///Users/estevaowatanabe/.sdkman/candidates/java/17.0.0-tem!/jdk.attach" type="simple" />
            <root url="jrt:///Users/estevaowatanabe/.sdkman/candidates/java/17.0.0-tem!/jdk.charsets" type="simple" />
            <root url="jrt:///Users/estevaowatanabe/.sdkman/candidates/java/17.0.0-tem!/jdk.compiler" type="simple" />
            <root url="jrt:///Users/estevaowatanabe/.sdkman/candidates/java/17.0.0-tem!/jdk.crypto.cryptoki" type="simple" />
            <root url="jrt:///Users/estevaowatanabe/.sdkman/candidates/java/17.0.0-tem!/jdk.crypto.ec" type="simple" />
            <root url="jrt:///Users/estevaowatanabe/.sdkman/candidates/java/17.0.0-tem!/jdk.dynalink" type="simple" />
            <root url="jrt:///Users/estevaowatanabe/.sdkman/candidates/java/17.0.0-tem!/jdk.editpad" type="simple" />
            <root url="jrt:///Users/estevaowatanabe/.sdkman/candidates/java/17.0.0-tem!/jdk.hotspot.agent" type="simple" />
            <root url="jrt:///Users/estevaowatanabe/.sdkman/candidates/java/17.0.0-tem!/jdk.httpserver" type="simple" />
            <root url="jrt:///Users/estevaowatanabe/.sdkman/candidates/java/17.0.0-tem!/jdk.incubator.foreign" type="simple" />
            <root url="jrt:///Users/estevaowatanabe/.sdkman/candidates/java/17.0.0-tem!/jdk.incubator.vector" type="simple" />
            <root url="jrt:///Users/estevaowatanabe/.sdkman/candidates/java/17.0.0-tem!/jdk.internal.ed" type="simple" />
            <root url="jrt:///Users/estevaowatanabe/.sdkman/candidates/java/17.0.0-tem!/jdk.internal.jvmstat" type="simple" />
            <root url="jrt:///Users/estevaowatanabe/.sdkman/candidates/java/17.0.0-tem!/jdk.internal.le" type="simple" />
            <root url="jrt:///Users/estevaowatanabe/.sdkman/candidates/java/17.0.0-tem!/jdk.internal.opt" type="simple" />
            <root url="jrt:///Users/estevaowatanabe/.sdkman/candidates/java/17.0.0-tem!/jdk.internal.vm.ci" type="simple" />
            <root url="jrt:///Users/estevaowatanabe/.sdkman/candidates/java/17.0.0-tem!/jdk.internal.vm.compiler" type="simple" />
            <root url="jrt:///Users/estevaowatanabe/.sdkman/candidates/java/17.0.0-tem!/jdk.internal.vm.compiler.management" type="simple" />
            <root url="jrt:///Users/estevaowatanabe/.sdkman/candidates/java/17.0.0-tem!/jdk.jartool" type="simple" />
            <root url="jrt:///Users/estevaowatanabe/.sdkman/candidates/java/17.0.0-tem!/jdk.javadoc" type="simple" />
            <root url="jrt:///Users/estevaowatanabe/.sdkman/candidates/java/17.0.0-tem!/jdk.jcmd" type="simple" />
            <root url="jrt:///Users/estevaowatanabe/.sdkman/candidates/java/17.0.0-tem!/jdk.jconsole" type="simple" />
            <root url="jrt:///Users/estevaowatanabe/.sdkman/candidates/java/17.0.0-tem!/jdk.jdeps" type="simple" />
            <root url="jrt:///Users/estevaowatanabe/.sdkman/candidates/java/17.0.0-tem!/jdk.jdi" type="simple" />
            <root url="jrt:///Users/estevaowatanabe/.sdkman/candidates/java/17.0.0-tem!/jdk.jdwp.agent" type="simple" />
            <root url="jrt:///Users/estevaowatanabe/.sdkman/candidates/java/17.0.0-tem!/jdk.jfr" type="simple" />
            <root url="jrt:///Users/estevaowatanabe/.sdkman/candidates/java/17.0.0-tem!/jdk.jlink" type="simple" />
            <root url="jrt:///Users/estevaowatanabe/.sdkman/candidates/java/17.0.0-tem!/jdk.jpackage" type="simple" />
            <root url="jrt:///Users/estevaowatanabe/.sdkman/candidates/java/17.0.0-tem!/jdk.jshell" type="simple" />
            <root url="jrt:///Users/estevaowatanabe/.sdkman/candidates/java/17.0.0-tem!/jdk.jsobject" type="simple" />
            <root url="jrt:///Users/estevaowatanabe/.sdkman/candidates/java/17.0.0-tem!/jdk.jstatd" type="simple" />
            <root url="jrt:///Users/estevaowatanabe/.sdkman/candidates/java/17.0.0-tem!/jdk.localedata" type="simple" />
            <root url="jrt:///Users/estevaowatanabe/.sdkman/candidates/java/17.0.0-tem!/jdk.management" type="simple" />
            <root url="jrt:///Users/estevaowatanabe/.sdkman/candidates/java/17.0.0-tem!/jdk.management.agent" type="simple" />
            <root url="jrt:///Users/estevaowatanabe/.sdkman/candidates/java/17.0.0-tem!/jdk.management.jfr" type="simple" />
            <root url="jrt:///Users/estevaowatanabe/.sdkman/candidates/java/17.0.0-tem!/jdk.naming.dns" type="simple" />
            <root url="jrt:///Users/estevaowatanabe/.sdkman/candidates/java/17.0.0-tem!/jdk.naming.rmi" type="simple" />
            <root url="jrt:///Users/estevaowatanabe/.sdkman/candidates/java/17.0.0-tem!/jdk.net" type="simple" />
            <root url="jrt:///Users/estevaowatanabe/.sdkman/candidates/java/17.0.0-tem!/jdk.nio.mapmode" type="simple" />
            <root url="jrt:///Users/estevaowatanabe/.sdkman/candidates/java/17.0.0-tem!/jdk.random" type="simple" />
            <root url="jrt:///Users/estevaowatanabe/.sdkman/candidates/java/17.0.0-tem!/jdk.sctp" type="simple" />
            <root url="jrt:///Users/estevaowatanabe/.sdkman/candidates/java/17.0.0-tem!/jdk.security.auth" type="simple" />
            <root url="jrt:///Users/estevaowatanabe/.sdkman/candidates/java/17.0.0-tem!/jdk.security.jgss" type="simple" />
            <root url="jrt:///Users/estevaowatanabe/.sdkman/candidates/java/17.0.0-tem!/jdk.unsupported" type="simple" />
            <root url="jrt:///Users/estevaowatanabe/.sdkman/candidates/java/17.0.0-tem!/jdk.unsupported.desktop" type="simple" />
            <root url="jrt:///Users/estevaowatanabe/.sdkman/candidates/java/17.0.0-tem!/jdk.xml.dom" type="simple" />
            <root url="jrt:///Users/estevaowatanabe/.sdkman/candidates/java/17.0.0-tem!/jdk.zipfs" type="simple" />
          </root>
        </classPath>
        <javadocPath>
          <root type="composite" />
        </javadocPath>
        <sourcePath>
          <root type="composite">
            <root url="jar://$USER_HOME$/.sdkman/candidates/java/17.0.0-tem/lib/src.zip!/java.se" type="simple" />
            <root url="jar://$USER_HOME$/.sdkman/candidates/java/17.0.0-tem/lib/src.zip!/jdk.jdi" type="simple" />
            <root url="jar://$USER_HOME$/.sdkman/candidates/java/17.0.0-tem/lib/src.zip!/jdk.jfr" type="simple" />
            <root url="jar://$USER_HOME$/.sdkman/candidates/java/17.0.0-tem/lib/src.zip!/jdk.net" type="simple" />
            <root url="jar://$USER_HOME$/.sdkman/candidates/java/17.0.0-tem/lib/src.zip!/java.rmi" type="simple" />
            <root url="jar://$USER_HOME$/.sdkman/candidates/java/17.0.0-tem/lib/src.zip!/java.sql" type="simple" />
            <root url="jar://$USER_HOME$/.sdkman/candidates/java/17.0.0-tem/lib/src.zip!/java.xml" type="simple" />
            <root url="jar://$USER_HOME$/.sdkman/candidates/java/17.0.0-tem/lib/src.zip!/jdk.jcmd" type="simple" />
            <root url="jar://$USER_HOME$/.sdkman/candidates/java/17.0.0-tem/lib/src.zip!/jdk.sctp" type="simple" />
            <root url="jar://$USER_HOME$/.sdkman/candidates/java/17.0.0-tem/lib/src.zip!/java.base" type="simple" />
            <root url="jar://$USER_HOME$/.sdkman/candidates/java/17.0.0-tem/lib/src.zip!/jdk.jdeps" type="simple" />
            <root url="jar://$USER_HOME$/.sdkman/candidates/java/17.0.0-tem/lib/src.zip!/jdk.jlink" type="simple" />
            <root url="jar://$USER_HOME$/.sdkman/candidates/java/17.0.0-tem/lib/src.zip!/jdk.zipfs" type="simple" />
            <root url="jar://$USER_HOME$/.sdkman/candidates/java/17.0.0-tem/lib/src.zip!/java.prefs" type="simple" />
            <root url="jar://$USER_HOME$/.sdkman/candidates/java/17.0.0-tem/lib/src.zip!/jdk.attach" type="simple" />
            <root url="jar://$USER_HOME$/.sdkman/candidates/java/17.0.0-tem/lib/src.zip!/jdk.jshell" type="simple" />
            <root url="jar://$USER_HOME$/.sdkman/candidates/java/17.0.0-tem/lib/src.zip!/jdk.jstatd" type="simple" />
            <root url="jar://$USER_HOME$/.sdkman/candidates/java/17.0.0-tem/lib/src.zip!/jdk.random" type="simple" />
            <root url="jar://$USER_HOME$/.sdkman/candidates/java/17.0.0-tem/lib/src.zip!/java.naming" type="simple" />
            <root url="jar://$USER_HOME$/.sdkman/candidates/java/17.0.0-tem/lib/src.zip!/jdk.editpad" type="simple" />
            <root url="jar://$USER_HOME$/.sdkman/candidates/java/17.0.0-tem/lib/src.zip!/jdk.jartool" type="simple" />
            <root url="jar://$USER_HOME$/.sdkman/candidates/java/17.0.0-tem/lib/src.zip!/jdk.javadoc" type="simple" />
            <root url="jar://$USER_HOME$/.sdkman/candidates/java/17.0.0-tem/lib/src.zip!/jdk.xml.dom" type="simple" />
            <root url="jar://$USER_HOME$/.sdkman/candidates/java/17.0.0-tem/lib/src.zip!/java.desktop" type="simple" />
            <root url="jar://$USER_HOME$/.sdkman/candidates/java/17.0.0-tem/lib/src.zip!/java.logging" type="simple" />
            <root url="jar://$USER_HOME$/.sdkman/candidates/java/17.0.0-tem/lib/src.zip!/jdk.charsets" type="simple" />
            <root url="jar://$USER_HOME$/.sdkman/candidates/java/17.0.0-tem/lib/src.zip!/jdk.compiler" type="simple" />
            <root url="jar://$USER_HOME$/.sdkman/candidates/java/17.0.0-tem/lib/src.zip!/jdk.dynalink" type="simple" />
            <root url="jar://$USER_HOME$/.sdkman/candidates/java/17.0.0-tem/lib/src.zip!/jdk.jconsole" type="simple" />
            <root url="jar://$USER_HOME$/.sdkman/candidates/java/17.0.0-tem/lib/src.zip!/jdk.jpackage" type="simple" />
            <root url="jar://$USER_HOME$/.sdkman/candidates/java/17.0.0-tem/lib/src.zip!/jdk.jsobject" type="simple" />
            <root url="jar://$USER_HOME$/.sdkman/candidates/java/17.0.0-tem/lib/src.zip!/java.compiler" type="simple" />
            <root url="jar://$USER_HOME$/.sdkman/candidates/java/17.0.0-tem/lib/src.zip!/java.net.http" type="simple" />
            <root url="jar://$USER_HOME$/.sdkman/candidates/java/17.0.0-tem/lib/src.zip!/jdk.crypto.ec" type="simple" />
            <root url="jar://$USER_HOME$/.sdkman/candidates/java/17.0.0-tem/lib/src.zip!/java.scripting" type="simple" />
            <root url="jar://$USER_HOME$/.sdkman/candidates/java/17.0.0-tem/lib/src.zip!/jdk.httpserver" type="simple" />
            <root url="jar://$USER_HOME$/.sdkman/candidates/java/17.0.0-tem/lib/src.zip!/jdk.jdwp.agent" type="simple" />
            <root url="jar://$USER_HOME$/.sdkman/candidates/java/17.0.0-tem/lib/src.zip!/jdk.localedata" type="simple" />
            <root url="jar://$USER_HOME$/.sdkman/candidates/java/17.0.0-tem/lib/src.zip!/jdk.management" type="simple" />
            <root url="jar://$USER_HOME$/.sdkman/candidates/java/17.0.0-tem/lib/src.zip!/jdk.naming.dns" type="simple" />
            <root url="jar://$USER_HOME$/.sdkman/candidates/java/17.0.0-tem/lib/src.zip!/jdk.naming.rmi" type="simple" />
            <root url="jar://$USER_HOME$/.sdkman/candidates/java/17.0.0-tem/lib/src.zip!/java.instrument" type="simple" />
            <root url="jar://$USER_HOME$/.sdkman/candidates/java/17.0.0-tem/lib/src.zip!/java.management" type="simple" />
            <root url="jar://$USER_HOME$/.sdkman/candidates/java/17.0.0-tem/lib/src.zip!/java.sql.rowset" type="simple" />
            <root url="jar://$USER_HOME$/.sdkman/candidates/java/17.0.0-tem/lib/src.zip!/java.xml.crypto" type="simple" />
            <root url="jar://$USER_HOME$/.sdkman/candidates/java/17.0.0-tem/lib/src.zip!/jdk.internal.ed" type="simple" />
            <root url="jar://$USER_HOME$/.sdkman/candidates/java/17.0.0-tem/lib/src.zip!/jdk.internal.le" type="simple" />
            <root url="jar://$USER_HOME$/.sdkman/candidates/java/17.0.0-tem/lib/src.zip!/jdk.nio.mapmode" type="simple" />
            <root url="jar://$USER_HOME$/.sdkman/candidates/java/17.0.0-tem/lib/src.zip!/jdk.unsupported" type="simple" />
            <root url="jar://$USER_HOME$/.sdkman/candidates/java/17.0.0-tem/lib/src.zip!/java.smartcardio" type="simple" />
            <root url="jar://$USER_HOME$/.sdkman/candidates/java/17.0.0-tem/lib/src.zip!/jdk.internal.opt" type="simple" />
            <root url="jar://$USER_HOME$/.sdkman/candidates/java/17.0.0-tem/lib/src.zip!/java.datatransfer" type="simple" />
            <root url="jar://$USER_HOME$/.sdkman/candidates/java/17.0.0-tem/lib/src.zip!/jdk.accessibility" type="simple" />
            <root url="jar://$USER_HOME$/.sdkman/candidates/java/17.0.0-tem/lib/src.zip!/jdk.hotspot.agent" type="simple" />
            <root url="jar://$USER_HOME$/.sdkman/candidates/java/17.0.0-tem/lib/src.zip!/jdk.security.auth" type="simple" />
            <root url="jar://$USER_HOME$/.sdkman/candidates/java/17.0.0-tem/lib/src.zip!/jdk.security.jgss" type="simple" />
            <root url="jar://$USER_HOME$/.sdkman/candidates/java/17.0.0-tem/lib/src.zip!/java.security.jgss" type="simple" />
            <root url="jar://$USER_HOME$/.sdkman/candidates/java/17.0.0-tem/lib/src.zip!/java.security.sasl" type="simple" />
            <root url="jar://$USER_HOME$/.sdkman/candidates/java/17.0.0-tem/lib/src.zip!/jdk.internal.vm.ci" type="simple" />
            <root url="jar://$USER_HOME$/.sdkman/candidates/java/17.0.0-tem/lib/src.zip!/jdk.management.jfr" type="simple" />
            <root url="jar://$USER_HOME$/.sdkman/candidates/java/17.0.0-tem/lib/src.zip!/java.management.rmi" type="simple" />
            <root url="jar://$USER_HOME$/.sdkman/candidates/java/17.0.0-tem/lib/src.zip!/java.transaction.xa" type="simple" />
            <root url="jar://$USER_HOME$/.sdkman/candidates/java/17.0.0-tem/lib/src.zip!/jdk.crypto.cryptoki" type="simple" />
            <root url="jar://$USER_HOME$/.sdkman/candidates/java/17.0.0-tem/lib/src.zip!/jdk.incubator.vector" type="simple" />
            <root url="jar://$USER_HOME$/.sdkman/candidates/java/17.0.0-tem/lib/src.zip!/jdk.internal.jvmstat" type="simple" />
            <root url="jar://$USER_HOME$/.sdkman/candidates/java/17.0.0-tem/lib/src.zip!/jdk.management.agent" type="simple" />
            <root url="jar://$USER_HOME$/.sdkman/candidates/java/17.0.0-tem/lib/src.zip!/jdk.incubator.foreign" type="simple" />
            <root url="jar://$USER_HOME$/.sdkman/candidates/java/17.0.0-tem/lib/src.zip!/jdk.unsupported.desktop" type="simple" />
            <root url="jar://$USER_HOME$/.sdkman/candidates/java/17.0.0-tem/lib/src.zip!/jdk.internal.vm.compiler" type="simple" />
            <root url="jar://$USER_HOME$/.sdkman/candidates/java/17.0.0-tem/lib/src.zip!/jdk.internal.vm.compiler.management" type="simple" />
            <root url="jar://$USER_HOME$/.sdkman/candidates/java/17.0.2-tem/lib/src.zip!/java.se" type="simple" />
            <root url="jar://$USER_HOME$/.sdkman/candidates/java/17.0.2-tem/lib/src.zip!/jdk.jdi" type="simple" />
            <root url="jar://$USER_HOME$/.sdkman/candidates/java/17.0.2-tem/lib/src.zip!/jdk.jfr" type="simple" />
            <root url="jar://$USER_HOME$/.sdkman/candidates/java/17.0.2-tem/lib/src.zip!/jdk.net" type="simple" />
            <root url="jar://$USER_HOME$/.sdkman/candidates/java/17.0.2-tem/lib/src.zip!/java.rmi" type="simple" />
            <root url="jar://$USER_HOME$/.sdkman/candidates/java/17.0.2-tem/lib/src.zip!/java.sql" type="simple" />
            <root url="jar://$USER_HOME$/.sdkman/candidates/java/17.0.2-tem/lib/src.zip!/java.xml" type="simple" />
            <root url="jar://$USER_HOME$/.sdkman/candidates/java/17.0.2-tem/lib/src.zip!/jdk.jcmd" type="simple" />
            <root url="jar://$USER_HOME$/.sdkman/candidates/java/17.0.2-tem/lib/src.zip!/jdk.sctp" type="simple" />
            <root url="jar://$USER_HOME$/.sdkman/candidates/java/17.0.2-tem/lib/src.zip!/java.base" type="simple" />
            <root url="jar://$USER_HOME$/.sdkman/candidates/java/17.0.2-tem/lib/src.zip!/jdk.jdeps" type="simple" />
            <root url="jar://$USER_HOME$/.sdkman/candidates/java/17.0.2-tem/lib/src.zip!/jdk.jlink" type="simple" />
            <root url="jar://$USER_HOME$/.sdkman/candidates/java/17.0.2-tem/lib/src.zip!/jdk.zipfs" type="simple" />
            <root url="jar://$USER_HOME$/.sdkman/candidates/java/17.0.2-tem/lib/src.zip!/java.prefs" type="simple" />
            <root url="jar://$USER_HOME$/.sdkman/candidates/java/17.0.2-tem/lib/src.zip!/jdk.attach" type="simple" />
            <root url="jar://$USER_HOME$/.sdkman/candidates/java/17.0.2-tem/lib/src.zip!/jdk.jshell" type="simple" />
            <root url="jar://$USER_HOME$/.sdkman/candidates/java/17.0.2-tem/lib/src.zip!/jdk.jstatd" type="simple" />
            <root url="jar://$USER_HOME$/.sdkman/candidates/java/17.0.2-tem/lib/src.zip!/jdk.random" type="simple" />
            <root url="jar://$USER_HOME$/.sdkman/candidates/java/17.0.2-tem/lib/src.zip!/java.naming" type="simple" />
            <root url="jar://$USER_HOME$/.sdkman/candidates/java/17.0.2-tem/lib/src.zip!/jdk.editpad" type="simple" />
            <root url="jar://$USER_HOME$/.sdkman/candidates/java/17.0.2-tem/lib/src.zip!/jdk.jartool" type="simple" />
            <root url="jar://$USER_HOME$/.sdkman/candidates/java/17.0.2-tem/lib/src.zip!/jdk.javadoc" type="simple" />
            <root url="jar://$USER_HOME$/.sdkman/candidates/java/17.0.2-tem/lib/src.zip!/jdk.xml.dom" type="simple" />
            <root url="jar://$USER_HOME$/.sdkman/candidates/java/17.0.2-tem/lib/src.zip!/java.desktop" type="simple" />
            <root url="jar://$USER_HOME$/.sdkman/candidates/java/17.0.2-tem/lib/src.zip!/java.logging" type="simple" />
            <root url="jar://$USER_HOME$/.sdkman/candidates/java/17.0.2-tem/lib/src.zip!/jdk.charsets" type="simple" />
            <root url="jar://$USER_HOME$/.sdkman/candidates/java/17.0.2-tem/lib/src.zip!/jdk.compiler" type="simple" />
            <root url="jar://$USER_HOME$/.sdkman/candidates/java/17.0.2-tem/lib/src.zip!/jdk.dynalink" type="simple" />
            <root url="jar://$USER_HOME$/.sdkman/candidates/java/17.0.2-tem/lib/src.zip!/jdk.jconsole" type="simple" />
            <root url="jar://$USER_HOME$/.sdkman/candidates/java/17.0.2-tem/lib/src.zip!/jdk.jpackage" type="simple" />
            <root url="jar://$USER_HOME$/.sdkman/candidates/java/17.0.2-tem/lib/src.zip!/jdk.jsobject" type="simple" />
            <root url="jar://$USER_HOME$/.sdkman/candidates/java/17.0.2-tem/lib/src.zip!/java.compiler" type="simple" />
            <root url="jar://$USER_HOME$/.sdkman/candidates/java/17.0.2-tem/lib/src.zip!/java.net.http" type="simple" />
            <root url="jar://$USER_HOME$/.sdkman/candidates/java/17.0.2-tem/lib/src.zip!/jdk.crypto.ec" type="simple" />
            <root url="jar://$USER_HOME$/.sdkman/candidates/java/17.0.2-tem/lib/src.zip!/java.scripting" type="simple" />
            <root url="jar://$USER_HOME$/.sdkman/candidates/java/17.0.2-tem/lib/src.zip!/jdk.httpserver" type="simple" />
            <root url="jar://$USER_HOME$/.sdkman/candidates/java/17.0.2-tem/lib/src.zip!/jdk.jdwp.agent" type="simple" />
            <root url="jar://$USER_HOME$/.sdkman/candidates/java/17.0.2-tem/lib/src.zip!/jdk.localedata" type="simple" />
            <root url="jar://$USER_HOME$/.sdkman/candidates/java/17.0.2-tem/lib/src.zip!/jdk.management" type="simple" />
            <root url="jar://$USER_HOME$/.sdkman/candidates/java/17.0.2-tem/lib/src.zip!/jdk.naming.dns" type="simple" />
            <root url="jar://$USER_HOME$/.sdkman/candidates/java/17.0.2-tem/lib/src.zip!/jdk.naming.rmi" type="simple" />
            <root url="jar://$USER_HOME$/.sdkman/candidates/java/17.0.2-tem/lib/src.zip!/java.instrument" type="simple" />
            <root url="jar://$USER_HOME$/.sdkman/candidates/java/17.0.2-tem/lib/src.zip!/java.management" type="simple" />
            <root url="jar://$USER_HOME$/.sdkman/candidates/java/17.0.2-tem/lib/src.zip!/java.sql.rowset" type="simple" />
            <root url="jar://$USER_HOME$/.sdkman/candidates/java/17.0.2-tem/lib/src.zip!/java.xml.crypto" type="simple" />
            <root url="jar://$USER_HOME$/.sdkman/candidates/java/17.0.2-tem/lib/src.zip!/jdk.internal.ed" type="simple" />
            <root url="jar://$USER_HOME$/.sdkman/candidates/java/17.0.2-tem/lib/src.zip!/jdk.internal.le" type="simple" />
            <root url="jar://$USER_HOME$/.sdkman/candidates/java/17.0.2-tem/lib/src.zip!/jdk.nio.mapmode" type="simple" />
            <root url="jar://$USER_HOME$/.sdkman/candidates/java/17.0.2-tem/lib/src.zip!/jdk.unsupported" type="simple" />
            <root url="jar://$USER_HOME$/.sdkman/candidates/java/17.0.2-tem/lib/src.zip!/java.smartcardio" type="simple" />
            <root url="jar://$USER_HOME$/.sdkman/candidates/java/17.0.2-tem/lib/src.zip!/jdk.internal.opt" type="simple" />
            <root url="jar://$USER_HOME$/.sdkman/candidates/java/17.0.2-tem/lib/src.zip!/java.datatransfer" type="simple" />
            <root url="jar://$USER_HOME$/.sdkman/candidates/java/17.0.2-tem/lib/src.zip!/jdk.accessibility" type="simple" />
            <root url="jar://$USER_HOME$/.sdkman/candidates/java/17.0.2-tem/lib/src.zip!/jdk.hotspot.agent" type="simple" />
            <root url="jar://$USER_HOME$/.sdkman/candidates/java/17.0.2-tem/lib/src.zip!/jdk.security.auth" type="simple" />
            <root url="jar://$USER_HOME$/.sdkman/candidates/java/17.0.2-tem/lib/src.zip!/jdk.security.jgss" type="simple" />
            <root url="jar://$USER_HOME$/.sdkman/candidates/java/17.0.2-tem/lib/src.zip!/java.security.jgss" type="simple" />
            <root url="jar://$USER_HOME$/.sdkman/candidates/java/17.0.2-tem/lib/src.zip!/java.security.sasl" type="simple" />
            <root url="jar://$USER_HOME$/.sdkman/candidates/java/17.0.2-tem/lib/src.zip!/jdk.internal.vm.ci" type="simple" />
            <root url="jar://$USER_HOME$/.sdkman/candidates/java/17.0.2-tem/lib/src.zip!/jdk.management.jfr" type="simple" />
            <root url="jar://$USER_HOME$/.sdkman/candidates/java/17.0.2-tem/lib/src.zip!/java.management.rmi" type="simple" />
            <root url="jar://$USER_HOME$/.sdkman/candidates/java/17.0.2-tem/lib/src.zip!/java.transaction.xa" type="simple" />
            <root url="jar://$USER_HOME$/.sdkman/candidates/java/17.0.2-tem/lib/src.zip!/jdk.crypto.cryptoki" type="simple" />
            <root url="jar://$USER_HOME$/.sdkman/candidates/java/17.0.2-tem/lib/src.zip!/jdk.incubator.vector" type="simple" />
            <root url="jar://$USER_HOME$/.sdkman/candidates/java/17.0.2-tem/lib/src.zip!/jdk.internal.jvmstat" type="simple" />
            <root url="jar://$USER_HOME$/.sdkman/candidates/java/17.0.2-tem/lib/src.zip!/jdk.management.agent" type="simple" />
            <root url="jar://$USER_HOME$/.sdkman/candidates/java/17.0.2-tem/lib/src.zip!/jdk.incubator.foreign" type="simple" />
            <root url="jar://$USER_HOME$/.sdkman/candidates/java/17.0.2-tem/lib/src.zip!/jdk.unsupported.desktop" type="simple" />
            <root url="jar://$USER_HOME$/.sdkman/candidates/java/17.0.2-tem/lib/src.zip!/jdk.internal.vm.compiler" type="simple" />
            <root url="jar://$USER_HOME$/.sdkman/candidates/java/17.0.2-tem/lib/src.zip!/jdk.internal.vm.compiler.management" type="simple" />
          </root>
        </sourcePath>
      </roots>
      <additional />
    </jdk>
    <jdk version="2">
      <name value="Kotlin SDK" />
      <type value="KotlinSDK" />
      <version value="1.6.21-release-334" />
      <homePath value="$KOTLIN_BUNDLED$" />
      <roots>
        <annotationsPath>
          <root type="composite" />
        </annotationsPath>
        <classPath>
          <root type="composite" />
        </classPath>
        <javadocPath>
          <root type="composite" />
        </javadocPath>
        <sourcePath>
          <root type="composite" />
        </sourcePath>
      </roots>
      <additional />
    </jdk>
    <jdk version="2">
      <name value="temurin-17" />
      <type value="JavaSDK" />
      <version value="Eclipse Temurin version 17.0.3" />
      <homePath value="$USER_HOME$/.sdkman/candidates/java/17.0.3-tem" />
      <roots>
        <annotationsPath>
          <root type="composite">
            <root url="jar://$APPLICATION_HOME_DIR$/plugins/java/lib/resources/jdkAnnotations.jar!/" type="simple" />
          </root>
        </annotationsPath>
        <classPath>
          <root type="composite">
            <root url="jrt:///Users/estevaowatanabe/.sdkman/candidates/java/17.0.3-tem!/java.base" type="simple" />
            <root url="jrt:///Users/estevaowatanabe/.sdkman/candidates/java/17.0.3-tem!/java.compiler" type="simple" />
            <root url="jrt:///Users/estevaowatanabe/.sdkman/candidates/java/17.0.3-tem!/java.datatransfer" type="simple" />
            <root url="jrt:///Users/estevaowatanabe/.sdkman/candidates/java/17.0.3-tem!/java.desktop" type="simple" />
            <root url="jrt:///Users/estevaowatanabe/.sdkman/candidates/java/17.0.3-tem!/java.instrument" type="simple" />
            <root url="jrt:///Users/estevaowatanabe/.sdkman/candidates/java/17.0.3-tem!/java.logging" type="simple" />
            <root url="jrt:///Users/estevaowatanabe/.sdkman/candidates/java/17.0.3-tem!/java.management" type="simple" />
            <root url="jrt:///Users/estevaowatanabe/.sdkman/candidates/java/17.0.3-tem!/java.management.rmi" type="simple" />
            <root url="jrt:///Users/estevaowatanabe/.sdkman/candidates/java/17.0.3-tem!/java.naming" type="simple" />
            <root url="jrt:///Users/estevaowatanabe/.sdkman/candidates/java/17.0.3-tem!/java.net.http" type="simple" />
            <root url="jrt:///Users/estevaowatanabe/.sdkman/candidates/java/17.0.3-tem!/java.prefs" type="simple" />
            <root url="jrt:///Users/estevaowatanabe/.sdkman/candidates/java/17.0.3-tem!/java.rmi" type="simple" />
            <root url="jrt:///Users/estevaowatanabe/.sdkman/candidates/java/17.0.3-tem!/java.scripting" type="simple" />
            <root url="jrt:///Users/estevaowatanabe/.sdkman/candidates/java/17.0.3-tem!/java.se" type="simple" />
            <root url="jrt:///Users/estevaowatanabe/.sdkman/candidates/java/17.0.3-tem!/java.security.jgss" type="simple" />
            <root url="jrt:///Users/estevaowatanabe/.sdkman/candidates/java/17.0.3-tem!/java.security.sasl" type="simple" />
            <root url="jrt:///Users/estevaowatanabe/.sdkman/candidates/java/17.0.3-tem!/java.smartcardio" type="simple" />
            <root url="jrt:///Users/estevaowatanabe/.sdkman/candidates/java/17.0.3-tem!/java.sql" type="simple" />
            <root url="jrt:///Users/estevaowatanabe/.sdkman/candidates/java/17.0.3-tem!/java.sql.rowset" type="simple" />
            <root url="jrt:///Users/estevaowatanabe/.sdkman/candidates/java/17.0.3-tem!/java.transaction.xa" type="simple" />
            <root url="jrt:///Users/estevaowatanabe/.sdkman/candidates/java/17.0.3-tem!/java.xml" type="simple" />
            <root url="jrt:///Users/estevaowatanabe/.sdkman/candidates/java/17.0.3-tem!/java.xml.crypto" type="simple" />
            <root url="jrt:///Users/estevaowatanabe/.sdkman/candidates/java/17.0.3-tem!/jdk.accessibility" type="simple" />
            <root url="jrt:///Users/estevaowatanabe/.sdkman/candidates/java/17.0.3-tem!/jdk.attach" type="simple" />
            <root url="jrt:///Users/estevaowatanabe/.sdkman/candidates/java/17.0.3-tem!/jdk.charsets" type="simple" />
            <root url="jrt:///Users/estevaowatanabe/.sdkman/candidates/java/17.0.3-tem!/jdk.compiler" type="simple" />
            <root url="jrt:///Users/estevaowatanabe/.sdkman/candidates/java/17.0.3-tem!/jdk.crypto.cryptoki" type="simple" />
            <root url="jrt:///Users/estevaowatanabe/.sdkman/candidates/java/17.0.3-tem!/jdk.crypto.ec" type="simple" />
            <root url="jrt:///Users/estevaowatanabe/.sdkman/candidates/java/17.0.3-tem!/jdk.dynalink" type="simple" />
            <root url="jrt:///Users/estevaowatanabe/.sdkman/candidates/java/17.0.3-tem!/jdk.editpad" type="simple" />
            <root url="jrt:///Users/estevaowatanabe/.sdkman/candidates/java/17.0.3-tem!/jdk.hotspot.agent" type="simple" />
            <root url="jrt:///Users/estevaowatanabe/.sdkman/candidates/java/17.0.3-tem!/jdk.httpserver" type="simple" />
            <root url="jrt:///Users/estevaowatanabe/.sdkman/candidates/java/17.0.3-tem!/jdk.incubator.foreign" type="simple" />
            <root url="jrt:///Users/estevaowatanabe/.sdkman/candidates/java/17.0.3-tem!/jdk.incubator.vector" type="simple" />
            <root url="jrt:///Users/estevaowatanabe/.sdkman/candidates/java/17.0.3-tem!/jdk.internal.ed" type="simple" />
            <root url="jrt:///Users/estevaowatanabe/.sdkman/candidates/java/17.0.3-tem!/jdk.internal.jvmstat" type="simple" />
            <root url="jrt:///Users/estevaowatanabe/.sdkman/candidates/java/17.0.3-tem!/jdk.internal.le" type="simple" />
            <root url="jrt:///Users/estevaowatanabe/.sdkman/candidates/java/17.0.3-tem!/jdk.internal.opt" type="simple" />
            <root url="jrt:///Users/estevaowatanabe/.sdkman/candidates/java/17.0.3-tem!/jdk.internal.vm.ci" type="simple" />
            <root url="jrt:///Users/estevaowatanabe/.sdkman/candidates/java/17.0.3-tem!/jdk.internal.vm.compiler" type="simple" />
            <root url="jrt:///Users/estevaowatanabe/.sdkman/candidates/java/17.0.3-tem!/jdk.internal.vm.compiler.management" type="simple" />
            <root url="jrt:///Users/estevaowatanabe/.sdkman/candidates/java/17.0.3-tem!/jdk.jartool" type="simple" />
            <root url="jrt:///Users/estevaowatanabe/.sdkman/candidates/java/17.0.3-tem!/jdk.javadoc" type="simple" />
            <root url="jrt:///Users/estevaowatanabe/.sdkman/candidates/java/17.0.3-tem!/jdk.jcmd" type="simple" />
            <root url="jrt:///Users/estevaowatanabe/.sdkman/candidates/java/17.0.3-tem!/jdk.jconsole" type="simple" />
            <root url="jrt:///Users/estevaowatanabe/.sdkman/candidates/java/17.0.3-tem!/jdk.jdeps" type="simple" />
            <root url="jrt:///Users/estevaowatanabe/.sdkman/candidates/java/17.0.3-tem!/jdk.jdi" type="simple" />
            <root url="jrt:///Users/estevaowatanabe/.sdkman/candidates/java/17.0.3-tem!/jdk.jdwp.agent" type="simple" />
            <root url="jrt:///Users/estevaowatanabe/.sdkman/candidates/java/17.0.3-tem!/jdk.jfr" type="simple" />
            <root url="jrt:///Users/estevaowatanabe/.sdkman/candidates/java/17.0.3-tem!/jdk.jlink" type="simple" />
            <root url="jrt:///Users/estevaowatanabe/.sdkman/candidates/java/17.0.3-tem!/jdk.jpackage" type="simple" />
            <root url="jrt:///Users/estevaowatanabe/.sdkman/candidates/java/17.0.3-tem!/jdk.jshell" type="simple" />
            <root url="jrt:///Users/estevaowatanabe/.sdkman/candidates/java/17.0.3-tem!/jdk.jsobject" type="simple" />
            <root url="jrt:///Users/estevaowatanabe/.sdkman/candidates/java/17.0.3-tem!/jdk.jstatd" type="simple" />
            <root url="jrt:///Users/estevaowatanabe/.sdkman/candidates/java/17.0.3-tem!/jdk.localedata" type="simple" />
            <root url="jrt:///Users/estevaowatanabe/.sdkman/candidates/java/17.0.3-tem!/jdk.management" type="simple" />
            <root url="jrt:///Users/estevaowatanabe/.sdkman/candidates/java/17.0.3-tem!/jdk.management.agent" type="simple" />
            <root url="jrt:///Users/estevaowatanabe/.sdkman/candidates/java/17.0.3-tem!/jdk.management.jfr" type="simple" />
            <root url="jrt:///Users/estevaowatanabe/.sdkman/candidates/java/17.0.3-tem!/jdk.naming.dns" type="simple" />
            <root url="jrt:///Users/estevaowatanabe/.sdkman/candidates/java/17.0.3-tem!/jdk.naming.rmi" type="simple" />
            <root url="jrt:///Users/estevaowatanabe/.sdkman/candidates/java/17.0.3-tem!/jdk.net" type="simple" />
            <root url="jrt:///Users/estevaowatanabe/.sdkman/candidates/java/17.0.3-tem!/jdk.nio.mapmode" type="simple" />
            <root url="jrt:///Users/estevaowatanabe/.sdkman/candidates/java/17.0.3-tem!/jdk.random" type="simple" />
            <root url="jrt:///Users/estevaowatanabe/.sdkman/candidates/java/17.0.3-tem!/jdk.sctp" type="simple" />
            <root url="jrt:///Users/estevaowatanabe/.sdkman/candidates/java/17.0.3-tem!/jdk.security.auth" type="simple" />
            <root url="jrt:///Users/estevaowatanabe/.sdkman/candidates/java/17.0.3-tem!/jdk.security.jgss" type="simple" />
            <root url="jrt:///Users/estevaowatanabe/.sdkman/candidates/java/17.0.3-tem!/jdk.unsupported" type="simple" />
            <root url="jrt:///Users/estevaowatanabe/.sdkman/candidates/java/17.0.3-tem!/jdk.unsupported.desktop" type="simple" />
            <root url="jrt:///Users/estevaowatanabe/.sdkman/candidates/java/17.0.3-tem!/jdk.xml.dom" type="simple" />
            <root url="jrt:///Users/estevaowatanabe/.sdkman/candidates/java/17.0.3-tem!/jdk.zipfs" type="simple" />
          </root>
        </classPath>
        <javadocPath>
          <root type="composite" />
        </javadocPath>
        <sourcePath>
          <root type="composite">
            <root url="jar://$USER_HOME$/.sdkman/candidates/java/17.0.3-tem/lib/src.zip!/java.se" type="simple" />
            <root url="jar://$USER_HOME$/.sdkman/candidates/java/17.0.3-tem/lib/src.zip!/jdk.jdi" type="simple" />
            <root url="jar://$USER_HOME$/.sdkman/candidates/java/17.0.3-tem/lib/src.zip!/jdk.jfr" type="simple" />
            <root url="jar://$USER_HOME$/.sdkman/candidates/java/17.0.3-tem/lib/src.zip!/jdk.net" type="simple" />
            <root url="jar://$USER_HOME$/.sdkman/candidates/java/17.0.3-tem/lib/src.zip!/java.rmi" type="simple" />
            <root url="jar://$USER_HOME$/.sdkman/candidates/java/17.0.3-tem/lib/src.zip!/java.sql" type="simple" />
            <root url="jar://$USER_HOME$/.sdkman/candidates/java/17.0.3-tem/lib/src.zip!/java.xml" type="simple" />
            <root url="jar://$USER_HOME$/.sdkman/candidates/java/17.0.3-tem/lib/src.zip!/jdk.jcmd" type="simple" />
            <root url="jar://$USER_HOME$/.sdkman/candidates/java/17.0.3-tem/lib/src.zip!/jdk.sctp" type="simple" />
            <root url="jar://$USER_HOME$/.sdkman/candidates/java/17.0.3-tem/lib/src.zip!/java.base" type="simple" />
            <root url="jar://$USER_HOME$/.sdkman/candidates/java/17.0.3-tem/lib/src.zip!/jdk.jdeps" type="simple" />
            <root url="jar://$USER_HOME$/.sdkman/candidates/java/17.0.3-tem/lib/src.zip!/jdk.jlink" type="simple" />
            <root url="jar://$USER_HOME$/.sdkman/candidates/java/17.0.3-tem/lib/src.zip!/jdk.zipfs" type="simple" />
            <root url="jar://$USER_HOME$/.sdkman/candidates/java/17.0.3-tem/lib/src.zip!/java.prefs" type="simple" />
            <root url="jar://$USER_HOME$/.sdkman/candidates/java/17.0.3-tem/lib/src.zip!/jdk.attach" type="simple" />
            <root url="jar://$USER_HOME$/.sdkman/candidates/java/17.0.3-tem/lib/src.zip!/jdk.jshell" type="simple" />
            <root url="jar://$USER_HOME$/.sdkman/candidates/java/17.0.3-tem/lib/src.zip!/jdk.jstatd" type="simple" />
            <root url="jar://$USER_HOME$/.sdkman/candidates/java/17.0.3-tem/lib/src.zip!/jdk.random" type="simple" />
            <root url="jar://$USER_HOME$/.sdkman/candidates/java/17.0.3-tem/lib/src.zip!/java.naming" type="simple" />
            <root url="jar://$USER_HOME$/.sdkman/candidates/java/17.0.3-tem/lib/src.zip!/jdk.editpad" type="simple" />
            <root url="jar://$USER_HOME$/.sdkman/candidates/java/17.0.3-tem/lib/src.zip!/jdk.jartool" type="simple" />
            <root url="jar://$USER_HOME$/.sdkman/candidates/java/17.0.3-tem/lib/src.zip!/jdk.javadoc" type="simple" />
            <root url="jar://$USER_HOME$/.sdkman/candidates/java/17.0.3-tem/lib/src.zip!/jdk.xml.dom" type="simple" />
            <root url="jar://$USER_HOME$/.sdkman/candidates/java/17.0.3-tem/lib/src.zip!/java.desktop" type="simple" />
            <root url="jar://$USER_HOME$/.sdkman/candidates/java/17.0.3-tem/lib/src.zip!/java.logging" type="simple" />
            <root url="jar://$USER_HOME$/.sdkman/candidates/java/17.0.3-tem/lib/src.zip!/jdk.charsets" type="simple" />
            <root url="jar://$USER_HOME$/.sdkman/candidates/java/17.0.3-tem/lib/src.zip!/jdk.compiler" type="simple" />
            <root url="jar://$USER_HOME$/.sdkman/candidates/java/17.0.3-tem/lib/src.zip!/jdk.dynalink" type="simple" />
            <root url="jar://$USER_HOME$/.sdkman/candidates/java/17.0.3-tem/lib/src.zip!/jdk.jconsole" type="simple" />
            <root url="jar://$USER_HOME$/.sdkman/candidates/java/17.0.3-tem/lib/src.zip!/jdk.jpackage" type="simple" />
            <root url="jar://$USER_HOME$/.sdkman/candidates/java/17.0.3-tem/lib/src.zip!/jdk.jsobject" type="simple" />
            <root url="jar://$USER_HOME$/.sdkman/candidates/java/17.0.3-tem/lib/src.zip!/java.compiler" type="simple" />
            <root url="jar://$USER_HOME$/.sdkman/candidates/java/17.0.3-tem/lib/src.zip!/java.net.http" type="simple" />
            <root url="jar://$USER_HOME$/.sdkman/candidates/java/17.0.3-tem/lib/src.zip!/jdk.crypto.ec" type="simple" />
            <root url="jar://$USER_HOME$/.sdkman/candidates/java/17.0.3-tem/lib/src.zip!/java.scripting" type="simple" />
            <root url="jar://$USER_HOME$/.sdkman/candidates/java/17.0.3-tem/lib/src.zip!/jdk.httpserver" type="simple" />
            <root url="jar://$USER_HOME$/.sdkman/candidates/java/17.0.3-tem/lib/src.zip!/jdk.jdwp.agent" type="simple" />
            <root url="jar://$USER_HOME$/.sdkman/candidates/java/17.0.3-tem/lib/src.zip!/jdk.localedata" type="simple" />
            <root url="jar://$USER_HOME$/.sdkman/candidates/java/17.0.3-tem/lib/src.zip!/jdk.management" type="simple" />
            <root url="jar://$USER_HOME$/.sdkman/candidates/java/17.0.3-tem/lib/src.zip!/jdk.naming.dns" type="simple" />
            <root url="jar://$USER_HOME$/.sdkman/candidates/java/17.0.3-tem/lib/src.zip!/jdk.naming.rmi" type="simple" />
            <root url="jar://$USER_HOME$/.sdkman/candidates/java/17.0.3-tem/lib/src.zip!/java.instrument" type="simple" />
            <root url="jar://$USER_HOME$/.sdkman/candidates/java/17.0.3-tem/lib/src.zip!/java.management" type="simple" />
            <root url="jar://$USER_HOME$/.sdkman/candidates/java/17.0.3-tem/lib/src.zip!/java.sql.rowset" type="simple" />
            <root url="jar://$USER_HOME$/.sdkman/candidates/java/17.0.3-tem/lib/src.zip!/java.xml.crypto" type="simple" />
            <root url="jar://$USER_HOME$/.sdkman/candidates/java/17.0.3-tem/lib/src.zip!/jdk.internal.ed" type="simple" />
            <root url="jar://$USER_HOME$/.sdkman/candidates/java/17.0.3-tem/lib/src.zip!/jdk.internal.le" type="simple" />
            <root url="jar://$USER_HOME$/.sdkman/candidates/java/17.0.3-tem/lib/src.zip!/jdk.nio.mapmode" type="simple" />
            <root url="jar://$USER_HOME$/.sdkman/candidates/java/17.0.3-tem/lib/src.zip!/jdk.unsupported" type="simple" />
            <root url="jar://$USER_HOME$/.sdkman/candidates/java/17.0.3-tem/lib/src.zip!/java.smartcardio" type="simple" />
            <root url="jar://$USER_HOME$/.sdkman/candidates/java/17.0.3-tem/lib/src.zip!/jdk.internal.opt" type="simple" />
            <root url="jar://$USER_HOME$/.sdkman/candidates/java/17.0.3-tem/lib/src.zip!/java.datatransfer" type="simple" />
            <root url="jar://$USER_HOME$/.sdkman/candidates/java/17.0.3-tem/lib/src.zip!/jdk.accessibility" type="simple" />
            <root url="jar://$USER_HOME$/.sdkman/candidates/java/17.0.3-tem/lib/src.zip!/jdk.hotspot.agent" type="simple" />
            <root url="jar://$USER_HOME$/.sdkman/candidates/java/17.0.3-tem/lib/src.zip!/jdk.security.auth" type="simple" />
            <root url="jar://$USER_HOME$/.sdkman/candidates/java/17.0.3-tem/lib/src.zip!/jdk.security.jgss" type="simple" />
            <root url="jar://$USER_HOME$/.sdkman/candidates/java/17.0.3-tem/lib/src.zip!/java.security.jgss" type="simple" />
            <root url="jar://$USER_HOME$/.sdkman/candidates/java/17.0.3-tem/lib/src.zip!/java.security.sasl" type="simple" />
            <root url="jar://$USER_HOME$/.sdkman/candidates/java/17.0.3-tem/lib/src.zip!/jdk.internal.vm.ci" type="simple" />
            <root url="jar://$USER_HOME$/.sdkman/candidates/java/17.0.3-tem/lib/src.zip!/jdk.management.jfr" type="simple" />
            <root url="jar://$USER_HOME$/.sdkman/candidates/java/17.0.3-tem/lib/src.zip!/java.management.rmi" type="simple" />
            <root url="jar://$USER_HOME$/.sdkman/candidates/java/17.0.3-tem/lib/src.zip!/java.transaction.xa" type="simple" />
            <root url="jar://$USER_HOME$/.sdkman/candidates/java/17.0.3-tem/lib/src.zip!/jdk.crypto.cryptoki" type="simple" />
            <root url="jar://$USER_HOME$/.sdkman/candidates/java/17.0.3-tem/lib/src.zip!/jdk.incubator.vector" type="simple" />
            <root url="jar://$USER_HOME$/.sdkman/candidates/java/17.0.3-tem/lib/src.zip!/jdk.internal.jvmstat" type="simple" />
            <root url="jar://$USER_HOME$/.sdkman/candidates/java/17.0.3-tem/lib/src.zip!/jdk.management.agent" type="simple" />
            <root url="jar://$USER_HOME$/.sdkman/candidates/java/17.0.3-tem/lib/src.zip!/jdk.incubator.foreign" type="simple" />
            <root url="jar://$USER_HOME$/.sdkman/candidates/java/17.0.3-tem/lib/src.zip!/jdk.unsupported.desktop" type="simple" />
            <root url="jar://$USER_HOME$/.sdkman/candidates/java/17.0.3-tem/lib/src.zip!/jdk.internal.vm.compiler" type="simple" />
            <root url="jar://$USER_HOME$/.sdkman/candidates/java/17.0.3-tem/lib/src.zip!/jdk.internal.vm.compiler.management" type="simple" />
          </root>
        </sourcePath>
      </roots>
      <additional />
    </jdk>
    <jdk version="2">
      <name value="temurin-17 (2)" />
      <type value="JavaSDK" />
      <version value="Eclipse Temurin version 17.0.3" />
      <homePath value="$USER_HOME$/.sdkman/candidates/java/current" />
      <roots>
        <annotationsPath>
          <root type="composite">
            <root url="jar://$APPLICATION_HOME_DIR$/plugins/java/lib/resources/jdkAnnotations.jar!/" type="simple" />
          </root>
        </annotationsPath>
        <classPath>
          <root type="composite">
            <root url="jrt:///Users/estevaowatanabe/.sdkman/candidates/java/current!/java.base" type="simple" />
            <root url="jrt:///Users/estevaowatanabe/.sdkman/candidates/java/current!/java.compiler" type="simple" />
            <root url="jrt:///Users/estevaowatanabe/.sdkman/candidates/java/current!/java.datatransfer" type="simple" />
            <root url="jrt:///Users/estevaowatanabe/.sdkman/candidates/java/current!/java.desktop" type="simple" />
            <root url="jrt:///Users/estevaowatanabe/.sdkman/candidates/java/current!/java.instrument" type="simple" />
            <root url="jrt:///Users/estevaowatanabe/.sdkman/candidates/java/current!/java.logging" type="simple" />
            <root url="jrt:///Users/estevaowatanabe/.sdkman/candidates/java/current!/java.management" type="simple" />
            <root url="jrt:///Users/estevaowatanabe/.sdkman/candidates/java/current!/java.management.rmi" type="simple" />
            <root url="jrt:///Users/estevaowatanabe/.sdkman/candidates/java/current!/java.naming" type="simple" />
            <root url="jrt:///Users/estevaowatanabe/.sdkman/candidates/java/current!/java.net.http" type="simple" />
            <root url="jrt:///Users/estevaowatanabe/.sdkman/candidates/java/current!/java.prefs" type="simple" />
            <root url="jrt:///Users/estevaowatanabe/.sdkman/candidates/java/current!/java.rmi" type="simple" />
            <root url="jrt:///Users/estevaowatanabe/.sdkman/candidates/java/current!/java.scripting" type="simple" />
            <root url="jrt:///Users/estevaowatanabe/.sdkman/candidates/java/current!/java.se" type="simple" />
            <root url="jrt:///Users/estevaowatanabe/.sdkman/candidates/java/current!/java.security.jgss" type="simple" />
            <root url="jrt:///Users/estevaowatanabe/.sdkman/candidates/java/current!/java.security.sasl" type="simple" />
            <root url="jrt:///Users/estevaowatanabe/.sdkman/candidates/java/current!/java.smartcardio" type="simple" />
            <root url="jrt:///Users/estevaowatanabe/.sdkman/candidates/java/current!/java.sql" type="simple" />
            <root url="jrt:///Users/estevaowatanabe/.sdkman/candidates/java/current!/java.sql.rowset" type="simple" />
            <root url="jrt:///Users/estevaowatanabe/.sdkman/candidates/java/current!/java.transaction.xa" type="simple" />
            <root url="jrt:///Users/estevaowatanabe/.sdkman/candidates/java/current!/java.xml" type="simple" />
            <root url="jrt:///Users/estevaowatanabe/.sdkman/candidates/java/current!/java.xml.crypto" type="simple" />
            <root url="jrt:///Users/estevaowatanabe/.sdkman/candidates/java/current!/jdk.accessibility" type="simple" />
            <root url="jrt:///Users/estevaowatanabe/.sdkman/candidates/java/current!/jdk.attach" type="simple" />
            <root url="jrt:///Users/estevaowatanabe/.sdkman/candidates/java/current!/jdk.charsets" type="simple" />
            <root url="jrt:///Users/estevaowatanabe/.sdkman/candidates/java/current!/jdk.compiler" type="simple" />
            <root url="jrt:///Users/estevaowatanabe/.sdkman/candidates/java/current!/jdk.crypto.cryptoki" type="simple" />
            <root url="jrt:///Users/estevaowatanabe/.sdkman/candidates/java/current!/jdk.crypto.ec" type="simple" />
            <root url="jrt:///Users/estevaowatanabe/.sdkman/candidates/java/current!/jdk.dynalink" type="simple" />
            <root url="jrt:///Users/estevaowatanabe/.sdkman/candidates/java/current!/jdk.editpad" type="simple" />
            <root url="jrt:///Users/estevaowatanabe/.sdkman/candidates/java/current!/jdk.hotspot.agent" type="simple" />
            <root url="jrt:///Users/estevaowatanabe/.sdkman/candidates/java/current!/jdk.httpserver" type="simple" />
            <root url="jrt:///Users/estevaowatanabe/.sdkman/candidates/java/current!/jdk.incubator.foreign" type="simple" />
            <root url="jrt:///Users/estevaowatanabe/.sdkman/candidates/java/current!/jdk.incubator.vector" type="simple" />
            <root url="jrt:///Users/estevaowatanabe/.sdkman/candidates/java/current!/jdk.internal.ed" type="simple" />
            <root url="jrt:///Users/estevaowatanabe/.sdkman/candidates/java/current!/jdk.internal.jvmstat" type="simple" />
            <root url="jrt:///Users/estevaowatanabe/.sdkman/candidates/java/current!/jdk.internal.le" type="simple" />
            <root url="jrt:///Users/estevaowatanabe/.sdkman/candidates/java/current!/jdk.internal.opt" type="simple" />
            <root url="jrt:///Users/estevaowatanabe/.sdkman/candidates/java/current!/jdk.internal.vm.ci" type="simple" />
            <root url="jrt:///Users/estevaowatanabe/.sdkman/candidates/java/current!/jdk.internal.vm.compiler" type="simple" />
            <root url="jrt:///Users/estevaowatanabe/.sdkman/candidates/java/current!/jdk.internal.vm.compiler.management" type="simple" />
            <root url="jrt:///Users/estevaowatanabe/.sdkman/candidates/java/current!/jdk.jartool" type="simple" />
            <root url="jrt:///Users/estevaowatanabe/.sdkman/candidates/java/current!/jdk.javadoc" type="simple" />
            <root url="jrt:///Users/estevaowatanabe/.sdkman/candidates/java/current!/jdk.jcmd" type="simple" />
            <root url="jrt:///Users/estevaowatanabe/.sdkman/candidates/java/current!/jdk.jconsole" type="simple" />
            <root url="jrt:///Users/estevaowatanabe/.sdkman/candidates/java/current!/jdk.jdeps" type="simple" />
            <root url="jrt:///Users/estevaowatanabe/.sdkman/candidates/java/current!/jdk.jdi" type="simple" />
            <root url="jrt:///Users/estevaowatanabe/.sdkman/candidates/java/current!/jdk.jdwp.agent" type="simple" />
            <root url="jrt:///Users/estevaowatanabe/.sdkman/candidates/java/current!/jdk.jfr" type="simple" />
            <root url="jrt:///Users/estevaowatanabe/.sdkman/candidates/java/current!/jdk.jlink" type="simple" />
            <root url="jrt:///Users/estevaowatanabe/.sdkman/candidates/java/current!/jdk.jpackage" type="simple" />
            <root url="jrt:///Users/estevaowatanabe/.sdkman/candidates/java/current!/jdk.jshell" type="simple" />
            <root url="jrt:///Users/estevaowatanabe/.sdkman/candidates/java/current!/jdk.jsobject" type="simple" />
            <root url="jrt:///Users/estevaowatanabe/.sdkman/candidates/java/current!/jdk.jstatd" type="simple" />
            <root url="jrt:///Users/estevaowatanabe/.sdkman/candidates/java/current!/jdk.localedata" type="simple" />
            <root url="jrt:///Users/estevaowatanabe/.sdkman/candidates/java/current!/jdk.management" type="simple" />
            <root url="jrt:///Users/estevaowatanabe/.sdkman/candidates/java/current!/jdk.management.agent" type="simple" />
            <root url="jrt:///Users/estevaowatanabe/.sdkman/candidates/java/current!/jdk.management.jfr" type="simple" />
            <root url="jrt:///Users/estevaowatanabe/.sdkman/candidates/java/current!/jdk.naming.dns" type="simple" />
            <root url="jrt:///Users/estevaowatanabe/.sdkman/candidates/java/current!/jdk.naming.rmi" type="simple" />
            <root url="jrt:///Users/estevaowatanabe/.sdkman/candidates/java/current!/jdk.net" type="simple" />
            <root url="jrt:///Users/estevaowatanabe/.sdkman/candidates/java/current!/jdk.nio.mapmode" type="simple" />
            <root url="jrt:///Users/estevaowatanabe/.sdkman/candidates/java/current!/jdk.random" type="simple" />
            <root url="jrt:///Users/estevaowatanabe/.sdkman/candidates/java/current!/jdk.sctp" type="simple" />
            <root url="jrt:///Users/estevaowatanabe/.sdkman/candidates/java/current!/jdk.security.auth" type="simple" />
            <root url="jrt:///Users/estevaowatanabe/.sdkman/candidates/java/current!/jdk.security.jgss" type="simple" />
            <root url="jrt:///Users/estevaowatanabe/.sdkman/candidates/java/current!/jdk.unsupported" type="simple" />
            <root url="jrt:///Users/estevaowatanabe/.sdkman/candidates/java/current!/jdk.unsupported.desktop" type="simple" />
            <root url="jrt:///Users/estevaowatanabe/.sdkman/candidates/java/current!/jdk.xml.dom" type="simple" />
            <root url="jrt:///Users/estevaowatanabe/.sdkman/candidates/java/current!/jdk.zipfs" type="simple" />
          </root>
        </classPath>
        <javadocPath>
          <root type="composite" />
        </javadocPath>
        <sourcePath>
          <root type="composite">
            <root url="jar://$USER_HOME$/.sdkman/candidates/java/current/lib/src.zip!/java.se" type="simple" />
            <root url="jar://$USER_HOME$/.sdkman/candidates/java/current/lib/src.zip!/jdk.jdi" type="simple" />
            <root url="jar://$USER_HOME$/.sdkman/candidates/java/current/lib/src.zip!/jdk.jfr" type="simple" />
            <root url="jar://$USER_HOME$/.sdkman/candidates/java/current/lib/src.zip!/jdk.net" type="simple" />
            <root url="jar://$USER_HOME$/.sdkman/candidates/java/current/lib/src.zip!/java.rmi" type="simple" />
            <root url="jar://$USER_HOME$/.sdkman/candidates/java/current/lib/src.zip!/java.sql" type="simple" />
            <root url="jar://$USER_HOME$/.sdkman/candidates/java/current/lib/src.zip!/java.xml" type="simple" />
            <root url="jar://$USER_HOME$/.sdkman/candidates/java/current/lib/src.zip!/jdk.jcmd" type="simple" />
            <root url="jar://$USER_HOME$/.sdkman/candidates/java/current/lib/src.zip!/jdk.sctp" type="simple" />
            <root url="jar://$USER_HOME$/.sdkman/candidates/java/current/lib/src.zip!/java.base" type="simple" />
            <root url="jar://$USER_HOME$/.sdkman/candidates/java/current/lib/src.zip!/jdk.jdeps" type="simple" />
            <root url="jar://$USER_HOME$/.sdkman/candidates/java/current/lib/src.zip!/jdk.jlink" type="simple" />
            <root url="jar://$USER_HOME$/.sdkman/candidates/java/current/lib/src.zip!/jdk.zipfs" type="simple" />
            <root url="jar://$USER_HOME$/.sdkman/candidates/java/current/lib/src.zip!/java.prefs" type="simple" />
            <root url="jar://$USER_HOME$/.sdkman/candidates/java/current/lib/src.zip!/jdk.attach" type="simple" />
            <root url="jar://$USER_HOME$/.sdkman/candidates/java/current/lib/src.zip!/jdk.jshell" type="simple" />
            <root url="jar://$USER_HOME$/.sdkman/candidates/java/current/lib/src.zip!/jdk.jstatd" type="simple" />
            <root url="jar://$USER_HOME$/.sdkman/candidates/java/current/lib/src.zip!/jdk.random" type="simple" />
            <root url="jar://$USER_HOME$/.sdkman/candidates/java/current/lib/src.zip!/java.naming" type="simple" />
            <root url="jar://$USER_HOME$/.sdkman/candidates/java/current/lib/src.zip!/jdk.editpad" type="simple" />
            <root url="jar://$USER_HOME$/.sdkman/candidates/java/current/lib/src.zip!/jdk.jartool" type="simple" />
            <root url="jar://$USER_HOME$/.sdkman/candidates/java/current/lib/src.zip!/jdk.javadoc" type="simple" />
            <root url="jar://$USER_HOME$/.sdkman/candidates/java/current/lib/src.zip!/jdk.xml.dom" type="simple" />
            <root url="jar://$USER_HOME$/.sdkman/candidates/java/current/lib/src.zip!/java.desktop" type="simple" />
            <root url="jar://$USER_HOME$/.sdkman/candidates/java/current/lib/src.zip!/java.logging" type="simple" />
            <root url="jar://$USER_HOME$/.sdkman/candidates/java/current/lib/src.zip!/jdk.charsets" type="simple" />
            <root url="jar://$USER_HOME$/.sdkman/candidates/java/current/lib/src.zip!/jdk.compiler" type="simple" />
            <root url="jar://$USER_HOME$/.sdkman/candidates/java/current/lib/src.zip!/jdk.dynalink" type="simple" />
            <root url="jar://$USER_HOME$/.sdkman/candidates/java/current/lib/src.zip!/jdk.jconsole" type="simple" />
            <root url="jar://$USER_HOME$/.sdkman/candidates/java/current/lib/src.zip!/jdk.jpackage" type="simple" />
            <root url="jar://$USER_HOME$/.sdkman/candidates/java/current/lib/src.zip!/jdk.jsobject" type="simple" />
            <root url="jar://$USER_HOME$/.sdkman/candidates/java/current/lib/src.zip!/java.compiler" type="simple" />
            <root url="jar://$USER_HOME$/.sdkman/candidates/java/current/lib/src.zip!/java.net.http" type="simple" />
            <root url="jar://$USER_HOME$/.sdkman/candidates/java/current/lib/src.zip!/jdk.crypto.ec" type="simple" />
            <root url="jar://$USER_HOME$/.sdkman/candidates/java/current/lib/src.zip!/java.scripting" type="simple" />
            <root url="jar://$USER_HOME$/.sdkman/candidates/java/current/lib/src.zip!/jdk.httpserver" type="simple" />
            <root url="jar://$USER_HOME$/.sdkman/candidates/java/current/lib/src.zip!/jdk.jdwp.agent" type="simple" />
            <root url="jar://$USER_HOME$/.sdkman/candidates/java/current/lib/src.zip!/jdk.localedata" type="simple" />
            <root url="jar://$USER_HOME$/.sdkman/candidates/java/current/lib/src.zip!/jdk.management" type="simple" />
            <root url="jar://$USER_HOME$/.sdkman/candidates/java/current/lib/src.zip!/jdk.naming.dns" type="simple" />
            <root url="jar://$USER_HOME$/.sdkman/candidates/java/current/lib/src.zip!/jdk.naming.rmi" type="simple" />
            <root url="jar://$USER_HOME$/.sdkman/candidates/java/current/lib/src.zip!/java.instrument" type="simple" />
            <root url="jar://$USER_HOME$/.sdkman/candidates/java/current/lib/src.zip!/java.management" type="simple" />
            <root url="jar://$USER_HOME$/.sdkman/candidates/java/current/lib/src.zip!/java.sql.rowset" type="simple" />
            <root url="jar://$USER_HOME$/.sdkman/candidates/java/current/lib/src.zip!/java.xml.crypto" type="simple" />
            <root url="jar://$USER_HOME$/.sdkman/candidates/java/current/lib/src.zip!/jdk.internal.ed" type="simple" />
            <root url="jar://$USER_HOME$/.sdkman/candidates/java/current/lib/src.zip!/jdk.internal.le" type="simple" />
            <root url="jar://$USER_HOME$/.sdkman/candidates/java/current/lib/src.zip!/jdk.nio.mapmode" type="simple" />
            <root url="jar://$USER_HOME$/.sdkman/candidates/java/current/lib/src.zip!/jdk.unsupported" type="simple" />
            <root url="jar://$USER_HOME$/.sdkman/candidates/java/current/lib/src.zip!/java.smartcardio" type="simple" />
            <root url="jar://$USER_HOME$/.sdkman/candidates/java/current/lib/src.zip!/jdk.internal.opt" type="simple" />
            <root url="jar://$USER_HOME$/.sdkman/candidates/java/current/lib/src.zip!/java.datatransfer" type="simple" />
            <root url="jar://$USER_HOME$/.sdkman/candidates/java/current/lib/src.zip!/jdk.accessibility" type="simple" />
            <root url="jar://$USER_HOME$/.sdkman/candidates/java/current/lib/src.zip!/jdk.hotspot.agent" type="simple" />
            <root url="jar://$USER_HOME$/.sdkman/candidates/java/current/lib/src.zip!/jdk.security.auth" type="simple" />
            <root url="jar://$USER_HOME$/.sdkman/candidates/java/current/lib/src.zip!/jdk.security.jgss" type="simple" />
            <root url="jar://$USER_HOME$/.sdkman/candidates/java/current/lib/src.zip!/java.security.jgss" type="simple" />
            <root url="jar://$USER_HOME$/.sdkman/candidates/java/current/lib/src.zip!/java.security.sasl" type="simple" />
            <root url="jar://$USER_HOME$/.sdkman/candidates/java/current/lib/src.zip!/jdk.internal.vm.ci" type="simple" />
            <root url="jar://$USER_HOME$/.sdkman/candidates/java/current/lib/src.zip!/jdk.management.jfr" type="simple" />
            <root url="jar://$USER_HOME$/.sdkman/candidates/java/current/lib/src.zip!/java.management.rmi" type="simple" />
            <root url="jar://$USER_HOME$/.sdkman/candidates/java/current/lib/src.zip!/java.transaction.xa" type="simple" />
            <root url="jar://$USER_HOME$/.sdkman/candidates/java/current/lib/src.zip!/jdk.crypto.cryptoki" type="simple" />
            <root url="jar://$USER_HOME$/.sdkman/candidates/java/current/lib/src.zip!/jdk.incubator.vector" type="simple" />
            <root url="jar://$USER_HOME$/.sdkman/candidates/java/current/lib/src.zip!/jdk.internal.jvmstat" type="simple" />
            <root url="jar://$USER_HOME$/.sdkman/candidates/java/current/lib/src.zip!/jdk.management.agent" type="simple" />
            <root url="jar://$USER_HOME$/.sdkman/candidates/java/current/lib/src.zip!/jdk.incubator.foreign" type="simple" />
            <root url="jar://$USER_HOME$/.sdkman/candidates/java/current/lib/src.zip!/jdk.unsupported.desktop" type="simple" />
            <root url="jar://$USER_HOME$/.sdkman/candidates/java/current/lib/src.zip!/jdk.internal.vm.compiler" type="simple" />
            <root url="jar://$USER_HOME$/.sdkman/candidates/java/current/lib/src.zip!/jdk.internal.vm.compiler.management" type="simple" />
          </root>
        </sourcePath>
      </roots>
      <additional />
    </jdk>
  </component>
</application>