<application>
  <component name="UISettings">
    <option name="compactTreeIndents" value="true" />
    <option name="EDITOR_AA_TYPE" value="Greyscale" />
    <option name="IDE_AA_TYPE" value="Greyscale" />
    <option name="OVERRIDE_NONIDEA_LAF_FONTS" value="true" />
    <option name="SHOW_TOOL_WINDOW_NUMBERS" value="true" />
    <option name="showTreeIndentGuides" value="true" />
    <option name="smoothScrolling" value="false" />
    <option name="CONTRAST_SCROLLBARS" value="true" />
  </component>
</application>